"month","day","year","13055040","Monteria"
"01","01","2012",346.692344497608,445.004784688995
"01","02","2012",246.27990430622,353.799043062201
"01","03","2012",244.755502392345,307.464114832536
"01","04","2012",124.665071770335,161.052631578947
"01","05","2012",NA,343.980861244019
"01","06","2012",269.997129186603,383.598086124402
"01","07","2012",276.694736842105,344.153110047847
"01","08","2012",247.957894736842,337.607655502392
"01","09","2012",282.344497607656,383.77033492823
"01","10","2012",265.007655502392,324.258373205742
"01","11","2012",290.529186602871,399.961722488038
"01","12","2012",225.746411483254,351.645933014354
"01","13","2012",296.496172248804,318.746411483254
"01","14","2012",261.341626794258,321.933014354067
"01","15","2012",204.159330143541,299.971291866029
"01","16","2012",285.129186602871,358.966507177034
"01","17","2012",NA,447.674641148325
"01","18","2012",NA,422.00956937799
"01","19","2012",NA,409.349282296651
"01","20","2012",NA,429.760765550239
"01","21","2012",NA,460.765550239234
"01","22","2012",NA,405.129186602871
"01","23","2012",251.76028708134,397.55023923445
"01","24","2012",291.208133971292,376.44976076555
"01","25","2012",243.429186602871,370.851674641148
"01","26","2012",269.708612440191,428.985645933014
"01","27","2012",326.018181818182,374.296650717703
"01","28","2012",264.713397129187,349.578947368421
"01","29","2012",267.097607655502,363.272727272727
"01","30","2012",312.805263157895,372.057416267943
"01","31","2012",274.057894736842,373.263157894737
"02","01","2012",343.744019138756,447.588516746412
"02","02","2012",308.626794258373,421.234449760766
"02","03","2012",NA,313.062200956938
"02","04","2012",NA,327.703349282297
"02","05","2012",NA,225.55980861244
"02","06","2012",181.408133971292,211.435406698565
"02","07","2012",260.534928229665,321.502392344498
"02","08","2012",254.401435406699,314.526315789474
"02","09","2012",200.265071770335,309.1004784689
"02","10","2012",NA,396.430622009569
"02","11","2012",318.762200956938,397.894736842105
"02","12","2012",245.188995215311,327.1004784689
"02","13","2012",361.194258373206,447.416267942584
"02","14","2012",368.277990430622,375.674641148325
"02","15","2012",315.377511961723,447.846889952153
"02","16","2012",361.774162679426,431.224880382775
"02","17","2012",366.150717703349,448.88038277512
"02","18","2012",359.95980861244,395.655502392345
"02","19","2012",356.422966507177,421.320574162679
"02","20","2012",301.764114832536,397.464114832536
"02","21","2012",397.848803827751,450.516746411483
"02","22","2012",381.55980861244,437.511961722488
"02","23","2012",322.596172248804,465.502392344498
"02","24","2012",367.944976076555,460.937799043062
"02","25","2012",326.054066985646,351.129186602871
"02","26","2012",371.199043062201,465.416267942584
"02","27","2012",363.991866028708,459.818181818182
"02","28","2012",317.820574162679,369.129186602871
"02","29","2012",374.664114832536,384.114832535885
"03","01","2012",345.951674641148,445.263157894737
"03","02","2012",337.356459330144,403.751196172249
"03","03","2012",300.132057416268,348.631578947368
"03","04","2012",281.305263157895,319.866028708134
"03","05","2012",248.677033492823,344.842105263158
"03","06","2012",163.11961722488,281.368421052632
"03","07","2012",384.078947368421,505.464114832536
"03","08","2012",364.998086124402,476.181818181818
"03","09","2012",314.763157894737,484.966507177034
"03","10","2012",322.207177033493,467.311004784689
"03","11","2012",314.570813397129,436.909090909091
"03","12","2012",334.742583732057,505.377990430622
"03","13","2012",279.788038277512,432.861244019139
"03","14","2012",274.672248803828,471.272727272727
"03","15","2012",313.171291866029,452.497607655502
"03","16","2012",279.823923444976,383.253588516746
"03","17","2012",156.813875598086,255.014354066986
"03","18","2012",189.287081339713,284.985645933014
"03","19","2012",227.224880382775,293.511961722488
"03","20","2012",290.163157894737,360.775119617225
"03","21","2012",239.184688995215,297.99043062201
"03","22","2012",317.734449760766,411.071770334928
"03","23","2012",341.998564593301,449.224880382775
"03","24","2012",258.707655502392,419.33971291866
"03","25","2012",300.516746411483,427.435406698565
"03","26","2012",191.886602870813,278.698564593301
"03","27","2012",342.364593301435,439.406698564593
"03","28","2012",318.297129186603,518.727272727273
"03","29","2012",247.950717703349,380.411483253589
"03","30","2012",222.693301435407,317.11004784689
"03","31","2012",295.182775119617,298.334928229665
"04","01","2012",168.133492822967,316.076555023923
"04","02","2012",261.891387559809,392.296650717703
"04","03","2012",107.214832535885,143.052631578947
"04","04","2012",285.318660287081,440.095693779904
"04","05","2012",189.536842105263,265.866028708134
"04","06","2012",228.641626794258,441.904306220096
"04","07","2012",199.553110047847,299.196172248804
"04","08","2012",200.481818181818,337.952153110048
"04","09","2012",179.674162679426,353.712918660287
"04","10","2012",310.930622009569,584.44019138756
"04","11","2012",345.192344497608,463.263157894737
"04","12","2012",292.301913875598,367.578947368421
"04","13","2012",194.965550239234,441.55980861244
"04","14","2012",287.395693779904,355.177033492823
"04","15","2012",319.294736842105,322.794258373206
"04","16","2012",269.778947368421,435.789473684211
"04","17","2012",372.785167464115,418.909090909091
"04","18","2012",285.345933014354,384.200956937799
"04","19","2012",299.163157894737,367.320574162679
"04","20","2012",223.673684210526,352.162679425837
"04","21","2012",217.014832535885,289.636363636364
"04","22","2012",193.194258373206,252.430622009569
"04","23","2012",339.308612440191,413.397129186603
"04","24","2012",156.80956937799,215.311004784689
"04","25","2012",277.43971291866,319.177033492823
"04","26","2012",302.371291866029,340.535885167464
"04","27","2012",NA,342.688995215311
"04","28","2012",NA,390.057416267943
"04","29","2012",NA,276.717703349282
"04","30","2012",277.553110047847,348.976076555024
"05","01","2012",166.70956937799,157.693779904306
"05","02","2012",67.3464114832536,139.004784688995
"05","03","2012",343.953588516746,536.899521531101
"05","04","2012",145.784210526316,192.746411483254
"05","05","2012",268.742583732057,335.799043062201
"05","06","2012",NA,319.004784688995
"05","07","2012",NA,194.296650717703
"05","08","2012",351.275598086124,537.071770334928
"05","09","2012",315.944497607656,358.88038277512
"05","10","2012",342.743540669856,409.349282296651
"05","11","2012",259.952153110048,357.846889952153
"05","12","2012",154.983732057416,212.813397129187
"05","13","2012",348.756459330144,391.952153110048
"05","14","2012",170.908133971292,219.1004784689
"05","15","2012",319.416746411483,464.382775119617
"05","16","2012",318.624401913876,416.411483253589
"05","17","2012",177.047368421053,377.311004784689
"05","18","2012",231.783732057416,282.143540669856
"05","19","2012",203.214832535885,296.095693779904
"05","20","2012",148.363636363636,211.952153110048
"05","21","2012",263.553588516746,410.296650717703
"05","22","2012",172.891866028708,205.578947368421
"05","23","2012",NA,434.928229665072
"05","24","2012",249.941626794258,416.066985645933
"05","25","2012",73.7497607655502,81.5598086124402
"05","26","2012",289.901913875598,384.631578947368
"05","27","2012",NA,423.387559808612
"05","28","2012",261.439234449761,315.215311004785
"05","29","2012",185.233492822967,303.760765550239
"05","30","2012",113.691387559809,156.918660287081
"05","31","2012",NA,501.502392344498
"06","01","2012",NA,182.583732057416
"06","02","2012",372.522488038278,504
"06","03","2012",364.455502392344,485.138755980861
"06","04","2012",234.4004784689,377.827751196172
"06","05","2012",NA,436.650717703349
"06","06","2012",300.854066985646,495.732057416268
"06","07","2012",353.550717703349,417.875598086124
"06","08","2012",NA,209.454545454545
"06","09","2012",NA,365.081339712919
"06","10","2012",NA,431.827751196172
"06","11","2012",191.012440191388,297.55980861244
"06","12","2012",NA,440.956937799043
"06","13","2012",261.149282296651,333.043062200957
"06","14","2012",189.022966507177,319.090909090909
"06","15","2012",393.35023923445,462.746411483254
"06","16","2012",244.172727272727,306.516746411483
"06","17","2012",250.426794258373,350.44019138756
"06","18","2012",244.911961722488,368.00956937799
"06","19","2012",319.055023923445,373.607655502392
"06","20","2012",240.367464114833,348.631578947368
"06","21","2012",217.382296650718,269.052631578947
"06","22","2012",395.801913875598,470.239234449761
"06","23","2012",271.855980861244,420.976076555024
"06","24","2012",218.799043062201,305.569377990431
"06","25","2012",364.366507177033,454.650717703349
"06","26","2012",180.470813397129,239.942583732057
"06","27","2012",405.262679425837,543.531100478469
"06","28","2012",252.455023923445,319.435406698565
"06","29","2012",284.158851674641,439.320574162679
"06","30","2012",269.852153110048,328.822966507177
"07","01","2012",392.395693779904,451.033492822967
"07","02","2012",311.645454545455,426.574162679426
"07","03","2012",124.017703349282,187.062200956938
"07","04","2012",280.227272727273,398.239234449761
"07","05","2012",246.008612440191,340.88038277512
"07","06","2012",NA,373.263157894737
"07","07","2012",NA,345.272727272727
"07","08","2012",NA,497.885167464115
"07","09","2012",NA,495.645933014354
"07","10","2012",NA,417.1004784689
"07","11","2012",197.275119617225,260.612440191388
"07","12","2012",NA,432.602870813397
"07","13","2012",NA,448.105263157895
"07","14","2012",NA,497.454545454545
"07","15","2012",NA,475.320574162679
"07","16","2012",371.108612440191,516.057416267943
"07","17","2012",NA,496.593301435407
"07","18","2012",NA,350.870813397129
"07","19","2012",NA,422.612440191388
"07","20","2012",NA,461.626794258373
"07","21","2012",NA,329.511961722488
"07","22","2012",NA,442.421052631579
"07","23","2012",NA,466.966507177034
"07","24","2012",NA,403.578947368421
"07","25","2012",NA,484.966507177034
"07","26","2012",NA,502.191387559809
"07","27","2012",321.508133971292,466.966507177034
"07","28","2012",324.673205741627,434.066985645933
"07","29","2012",291.364593301435,315.55980861244
"07","30","2012",107.972727272727,186.803827751196
"07","31","2012",NA,243.043062200957
"08","01","2012",368.269377990431,415.636363636364
"08","02","2012",279.52966507177,358.363636363636
"08","03","2012",281.889473684211,371.11004784689
"08","04","2012",320.797607655502,489.014354066986
"08","05","2012",262.599043062201,362.928229665072
"08","06","2012",351.938755980861,502.794258373206
"08","07","2012",260.536363636364,373.693779904306
"08","08","2012",366.701913875598,345.444976076555
"08","09","2012",249.681818181818,414.086124401914
"08","10","2012",313.596172248804,465.674641148325
"08","11","2012",278.982775119617,333.732057416268
"08","12","2012",NA,476.00956937799
"08","13","2012",NA,251.224880382775
"08","14","2012",NA,294.88995215311
"08","15","2012",NA,473.167464114833
"08","16","2012",282.785167464115,359.827751196172
"08","17","2012",227.163157894737,321.071770334928
"08","18","2012",356.809090909091,413.827751196172
"08","19","2012",195.254066985646,241.923444976077
"08","20","2012",335.157416267943,473.167464114833
"08","21","2012",NA,285.33014354067
"08","22","2012",NA,387.215311004785
"08","23","2012",300.968899521531,348.803827751196
"08","24","2012",283.329186602871,327.014354066986
"08","25","2012",249.099043062201,447.760765550239
"08","26","2012",92.6354066985646,119.799043062201
"08","27","2012",341.224880382775,451.464114832536
"08","28","2012",354.648803827751,454.047846889952
"08","29","2012",218.68995215311,377.741626794258
"08","30","2012",276.294258373206,460.593301435407
"08","31","2012",305.611004784689,388.421052631579
"09","01","2012",287.147368421053,401.253588516746
"09","02","2012",240.328708133971,347.081339712919
"09","03","2012",269.567942583732,350.956937799043
"09","04","2012",NA,502.708133971292
"09","05","2012",252.605741626794,346.822966507177
"09","06","2012",239.481818181818,457.837320574163
"09","07","2012",NA,481.177033492823
"09","08","2012",NA,281.454545454545
"09","09","2012",287.681339712919,499.004784688995
"09","10","2012",327.067464114833,481.349282296651
"09","11","2012",215.048325358852,314.612440191388
"09","12","2012",NA,387.99043062201
"09","13","2012",282.055980861244,325.55023923445
"09","14","2012",278.855023923445,389.368421052632
"09","15","2012",263.157416267943,403.406698564593
"09","16","2012",232.505741626794,243.301435406699
"09","17","2012",252.736363636364,354.22966507177
"09","18","2012",368.045454545455,462.832535885167
"09","19","2012",413.230622009569,486.258373205742
"09","20","2012",294.762200956938,403.492822966507
"09","21","2012",238.639234449761,364.650717703349
"09","22","2012",182.405741626794,214.88038277512
"09","23","2012",282.424880382775,381.703349282297
"09","24","2012",NA,198.430622009569
"09","25","2012",267.805263157895,290.928229665072
"09","26","2012",263.656937799043,400.22009569378
"09","27","2012",299.514832535885,419.511961722488
"09","28","2012",299.862200956938,272.842105263158
"09","29","2012",NA,315.473684210526
"09","30","2012",NA,300.315789473684
"10","01","2012",NA,293.856459330144
"10","02","2012",NA,420.88995215311
"10","03","2012",NA,389.799043062201
"10","04","2012",NA,349.923444976077
"10","05","2012",NA,430.708133971292
"10","06","2012",332.801913875598,405.645933014354
"10","07","2012",182.445933014354,287.311004784689
"10","08","2012",NA,269.311004784689
"10","09","2012",NA,335.799043062201
"10","10","2012",NA,158.468899521531
"10","11","2012",372.129186602871,428.468899521531
"10","12","2012",NA,393.071770334928
"10","13","2012",451.544497607656,504.516746411483
"10","14","2012",316.754066985646,394.794258373206
"10","15","2012",245.724401913876,260.181818181818
"10","16","2012",NA,255.789473684211
"10","17","2012",283.324880382775,343.636363636364
"10","18","2012",291.874162679426,308.325358851675
"10","19","2012",337.9004784689,355.607655502392
"10","20","2012",NA,314.956937799043
"10","21","2012",NA,354.832535885167
"10","22","2012",NA,463.77990430622
"10","23","2012",NA,323.224880382775
"10","24","2012",NA,303.157894736842
"10","25","2012",319.287559808612,451.11961722488
"10","26","2012",NA,424.076555023924
"10","27","2012",NA,339.933014354067
"10","28","2012",NA,371.799043062201
"10","29","2012",NA,238.909090909091
"10","30","2012",234.113397129187,279.818181818182
"10","31","2012",191.435885167464,247.004784688995
"11","01","2012",NA,391.607655502392
"11","02","2012",NA,370.679425837321
"11","03","2012",NA,338.382775119617
"11","04","2012",NA,340.794258373206
"11","05","2012",NA,314.698564593301
"11","06","2012",NA,233.311004784689
"11","07","2012",347.836363636364,431.397129186603
"11","08","2012",NA,369.043062200957
"11","09","2012",NA,376.535885167464
"11","10","2012",NA,400.564593301435
"11","11","2012",285.172248803828,374.468899521531
"11","12","2012",NA,357.416267942584
"11","13","2012",NA,344.066985645933
"11","14","2012",NA,373.177033492823
"11","15","2012",277.386602870813,309.617224880383
"11","16","2012",228.486602870813,286.019138755981
"11","17","2012",NA,359.741626794258
"11","18","2012",NA,282.22966507177
"11","19","2012",NA,310.995215311005
"11","20","2012",NA,386.698564593301
"11","21","2012",134.107177033493,224.526315789474
"11","22","2012",202.433971291866,383.684210526316
"11","23","2012",NA,350.698564593301
"11","24","2012",NA,324.602870813397
"11","25","2012",NA,364.047846889952
"11","26","2012",NA,327.186602870813
"11","27","2012",NA,346.650717703349
"11","28","2012",NA,303.244019138756
"11","29","2012",NA,354.057416267943
"11","30","2012",289.887559808612,489.358851674641
"12","01","2012",NA,357.674641148325
"12","02","2012",255.203827751196,354.574162679426
"12","03","2012",298.639234449761,387.043062200957
"12","04","2012",277.023444976077,404.784688995215
"12","05","2012",NA,384.88995215311
"12","06","2012",360.50956937799,376.708133971292
"12","07","2012",NA,378.688995215311
"12","08","2012",223.161244019139,324.086124401914
"12","09","2012",244.692344497608,359.741626794258
"12","10","2012",NA,337.521531100479
"12","11","2012",NA,351.732057416268
"12","12","2012",295.953588516746,332.00956937799
"12","13","2012",NA,305.655502392345
"12","14","2012",NA,302.382775119617
"12","15","2012",NA,394.44976076555
"12","16","2012",NA,430.535885167464
"12","17","2012",284.67990430622,357.33014354067
"12","18","2012",NA,257.942583732057
"12","19","2012",NA,75.9617224880383
"12","20","2012",NA,45.7320574162679
"12","21","2012",214.919138755981,69.7607655502392
"12","22","2012",NA,70.5358851674641
"12","23","2012",255.053110047847,98.3540669856459
"12","24","2012",271.82009569378,79.6650717703349
"12","25","2012",NA,71.7416267942584
"12","26","2012",301.659330143541,90.7751196172249
"12","27","2012",250.81004784689,82.9377990430622
"12","28","2012",212.051196172249,88.2775119617225
"12","29","2012",308.527751196172,93.3588516746412
"12","30","2012",NA,96.1148325358852
"12","31","2012",313.624880382775,96.3732057416268
"01","01","2013",298.037799043062,98.3540669856459
"01","02","2013",235.278947368421,314.267942583732
"01","03","2013",NA,423.645933014354
"01","04","2013",NA,388.851674641148
"01","05","2013",296.501913875598,443.540669856459
"01","06","2013",346.623444976077,437.511961722488
"01","07","2013",NA,419.167464114833
"01","08","2013",302.025358851675,441.904306220096
"01","09","2013",NA,404.267942583732
"01","10","2013",328.274641148325,435.789473684211
"01","11","2013",NA,433.11961722488
"01","12","2013",NA,416.928229665072
"01","13","2013",313.049282296651,437.942583732057
"01","14","2013",NA,397.291866028708
"01","15","2013",NA,426.918660287081
"01","16","2013",281.962679425837,343.11961722488
"01","17","2013",NA,364.822966507177
"01","18","2013",NA,349.062200956938
"01","19","2013",227.994258373206,377.311004784689
"01","20","2013",348.446411483254,404.267942583732
"01","21","2013",NA,400.995215311005
"01","22","2013",NA,390.488038277512
"01","23","2013",245.262200956938,295.578947368421
"01","24","2013",205.052153110048,263.626794258373
"01","25","2013",NA,375.933014354067
"01","26","2013",NA,396
"01","27","2013",NA,365.253588516746
"01","28","2013",NA,373.521531100478
"01","29","2013",NA,371.885167464115
"01","30","2013",214.428229665072,340.363636363636
"01","31","2013",297.455023923445,369.55980861244
"02","01","2013",NA,92.9282296650718
"02","02","2013",170.187559808612,235.11961722488
"02","03","2013",NA,185.425837320574
"02","04","2013",281.407177033493,331.062200956938
"02","05","2013",NA,282.401913875598
"02","06","2013",220.663636363636,327.703349282297
"02","07","2013",221.586602870813,282.401913875598
"02","08","2013",292.502870813397,306.258373205742
"02","09","2013",307.731100478469,405.473684210526
"02","10","2013",308.358373205742,296.00956937799
"02","11","2013",292.112440191388,454.478468899522
"02","12","2013",371.244976076555,439.234449760766
"02","13","2013",361.155502392345,426.22966507177
"02","14","2013",318.566985645933,458.784688995215
"02","15","2013",346.488516746412,427.607655502392
"02","16","2013",331.438277511962,358.622009569378
"02","17","2013",233.806220095694,334.248803827751
"02","18","2013",284.678468899522,311.77033492823
"02","19","2013",303.757894736842,431.655502392345
"02","20","2013",318.232535885168,433.291866028708
"02","21","2013",349.837320574163,433.205741626794
"02","22","2013",282.429186602871,398.325358851675
"02","23","2013",316.665071770335,439.665071770335
"02","24","2013",281.341148325359,421.578947368421
"02","25","2013",272.912440191388,414.430622009569
"02","26","2013",296.982775119617,320.555023923445
"02","27","2013",313.914832535885,371.282296650718
"02","28","2013",177.140669856459,221.425837320574
"03","01","2013",146.336842105263,199.636363636364
"03","02","2013",317.625358851675,398.497607655502
"03","03","2013",79.3492822966507,125.052631578947
"03","04","2013",253.672248803828,282.143540669856
"03","05","2013",315.137799043062,331.148325358852
"03","06","2013",192.868421052632,275.856459330144
"03","07","2013",263.678468899522,383.856459330144
"03","08","2013",313.142583732057,428.296650717703
"03","09","2013",257.421531100478,409.349282296651
"03","10","2013",327.658851674641,400.306220095694
"03","11","2013",297.208133971292,360.947368421053
"03","12","2013",280.135406698565,364.22009569378
"03","13","2013",225.203827751196,68.9856459330144
"03","14","2013",194.417224880383,65.6267942583732
"03","15","2013",120.486602870813,44.0095693779904
"03","16","2013",306.294258373206,100.937799043062
"03","17","2013",262.086602870813,292.133971291866
"03","18","2013",221.461722488038,335.626794258373
"03","19","2013",267.69043062201,321.933014354067
"03","20","2013",271.588995215311,363.014354066986
"03","21","2013",198.767942583732,354.315789473684
"03","22","2013",259.515789473684,328.564593301435
"03","23","2013",241.296172248804,332.870813397129
"03","24","2013",277.271770334928,398.066985645933
"03","25","2013",247.258851674641,333.301435406699
"03","26","2013",355.495693779904,489.617224880383
"03","27","2013",206.433014354067,287.741626794258
"03","28","2013",209.806220095694,305.397129186603
"03","29","2013",255.643062200957,442.334928229665
"03","30","2013",335.519138755981,449.913875598086
"03","31","2013",325.561722488038,388.937799043062
"04","01","2013",252.025837320574,435.358851674641
"04","02","2013",140.603827751196,233.655502392345
"04","03","2013",289.184210526316,408.746411483254
"04","04","2013",NA,438.545454545455
"04","05","2013",284.513397129187,403.492822966507
"04","06","2013",183.155023923445,380.411483253589
"04","07","2013",203.809090909091,385.751196172249
"04","08","2013",269.724401913876,411.846889952153
"04","09","2013",231.031578947368,413.224880382775
"04","10","2013",309.101913875598,408.918660287081
"04","11","2013",262.795693779904,444.143540669857
"04","12","2013",255.262679425837,430.44976076555
"04","13","2013",NA,324.258373205742
"04","14","2013",226.649282296651,285.760765550239
"04","15","2013",184.56028708134,230.813397129187
"04","16","2013",221.777511961722,308.325358851675
"04","17","2013",180.502392344498,250.019138755981
"04","18","2013",204.160765550239,282.401913875598
"04","19","2013",73.2502392344498,111.789473684211
"04","20","2013",371.005263157895,494.612440191388
"04","21","2013",275.694258373206,318.143540669856
"04","22","2013",285.163636363636,416.325358851675
"04","23","2013",276.50956937799,471.961722488038
"04","24","2013",241.976555023923,447.416267942584
"04","25","2013",322.599043062201,411.071770334928
"04","26","2013",287.509090909091,307.980861244019
"04","27","2013",187.178468899522,281.368421052632
"04","28","2013",282.736363636364,359.311004784689
"04","29","2013",322.689473684211,482.727272727273
"04","30","2013",233.092822966507,185.942583732057
"05","01","2013",190.034928229665,274.736842105263
"05","02","2013",201.742105263158,185.856459330144
"05","03","2013",236.510526315789,439.148325358852
"05","04","2013",168.668899521531,324.430622009569
"05","05","2013",224.595215311005,419.253588516746
"05","06","2013",176.94976076555,249.157894736842
"05","07","2013",321.233971291866,383.77033492823
"05","08","2013",356.984210526316,487.464114832536
"05","09","2013",NA,226.937799043062
"05","10","2013",120.941626794258,145.033492822967
"05","11","2013",323.529186602871,488.497607655502
"05","12","2013",231.281339712919,470.755980861244
"05","13","2013",347.484688995215,428.468899521531
"05","14","2013",232.587559808612,340.535885167464
"05","15","2013",269.890909090909,307.033492822967
"05","16","2013",231.291387559809,296.354066985646
"05","17","2013",196.960765550239,304.44976076555
"05","18","2013",250.204306220096,318.918660287081
"05","19","2013",325.944976076555,438.803827751196
"05","20","2013",156.7995215311,233.311004784689
"05","21","2013",173.98995215311,236.239234449761
"05","22","2013",NA,268.794258373206
"05","23","2013",221.575119617225,289.291866028708
"05","24","2013",176.589473684211,282.315789473684
"05","25","2013",189.439234449761,331.923444976077
"05","26","2013",303.766507177034,419.684210526316
"05","27","2013",180,257.511961722488
"05","28","2013",260.323923444976,335.368421052632
"05","29","2013",216.344497607656,286.794258373206
"05","30","2013",298.344976076555,430.277511961722
"05","31","2013",133.158373205742,162.688995215311
"06","01","2013",209.623923444976,448.105263157895
"06","02","2013",318.496650717703,486.344497607656
"06","03","2013",343.461244019139,428.296650717703
"06","04","2013",291.420574162679,368.784688995215
"06","05","2013",293.414354066986,417.1004784689
"06","06","2013",255.043062200957,367.837320574163
"06","07","2013",245.471770334928,307.291866028708
"06","08","2013",180.495215311005,208.765550239234
"06","09","2013",238.060765550239,340.019138755981
"06","10","2013",282.991866028708,276.631578947368
"06","11","2013",214.960765550239,158.382775119617
"06","12","2013",236.758851674641,259.665071770335
"06","13","2013",313.234449760766,226.162679425837
"06","14","2013",159.113397129187,189.99043062201
"06","15","2013",233.921052631579,249.416267942584
"06","16","2013",297.208133971292,178.019138755981
"06","17","2013",163.22009569378,125.483253588517
"06","18","2013",307.141148325359,241.751196172249
"06","19","2013",287.262200956938,112.564593301435
"06","20","2013",144.790909090909,96.2870813397129
"06","21","2013",201.110526315789,57.2727272727273
"06","22","2013",307.959330143541,87.244019138756
"06","23","2013",223.989473684211,56.4114832535885
"06","24","2013",200.253588516746,52.7942583732057
"06","25","2013",220.41961722488,26.7846889952153
"06","26","2013",281.540669856459,50.0382775119617
"06","27","2013",223.294736842105,11.8851674641148
"06","28","2013",169.485645933014,42.8038277511962
"06","29","2013",348.176555023923,46.0765550239234
"06","30","2013",231.011483253589,45.7320574162679
"07","01","2013",235.385167464115,27.1291866028708
"07","02","2013",214.955023923445,54.1722488038278
"07","03","2013",249.223923444976,47.11004784689
"07","04","2013",232.485645933014,41.511961722488
"07","05","2013",225.931578947368,43.4928229665072
"07","06","2013",277.197129186603,35.6555023923445
"07","07","2013",287.025358851675,37.377990430622
"07","08","2013",308.463157894737,36.688995215311
"07","09","2013",262.497129186603,23.4258373205742
"07","10","2013",262.158373205742,19.2918660287081
"07","11","2013",201.776555023923,39.7033492822966
"07","12","2013",314.14019138756,42.8038277511962
"07","13","2013",287.095693779904,40.3062200956938
"07","14","2013",276.55980861244,38.066985645933
"07","15","2013",221.533492822967,28.7655502392345
"07","16","2013",274.16985645933,42.9760765550239
"07","17","2013",298.614832535885,58.9952153110048
"07","18","2013",195.562679425837,58.5645933014354
"07","19","2013",264.641626794258,83.9712918660287
"07","20","2013",277.588995215311,83.8851674641148
"07","21","2013",246.693301435407,61.8373205741627
"07","22","2013",277.907655502392,132.976076555024
"07","23","2013",246.139234449761,156.143540669856
"07","24","2013",273.994736842105,205.148325358852
"07","25","2013",275.209090909091,267.588516746412
"07","26","2013",314.526315789474,243.732057416268
"07","27","2013",232.178468899522,277.406698564593
"07","28","2013",250.389473684211,285.502392344498
"07","29","2013",354.459330143541,347.598086124402
"07","30","2013",267.22966507177,456.976076555024
"07","31","2013",295.033492822967,396.516746411483
"08","01","2013",274.963636363636,435.789473684211
"08","02","2013",220.330622009569,446.382775119617
"08","03","2013",242.34976076555,315.387559808612
"08","04","2013",243.924401913876,420.200956937799
"08","05","2013",254.516267942584,432.775119617225
"08","06","2013",222.875598086124,368.354066985646
"08","07","2013",236.913875598086,287.138755980861
"08","08","2013",229.231578947368,407.712918660287
"08","09","2013",269.071291866029,324.688995215311
"08","10","2013",244.089473684211,306.947368421053
"08","11","2013",249.813875598086,342.258373205742
"08","12","2013",173.903827751196,360.086124401914
"08","13","2013",264.655980861244,420.803827751196
"08","14","2013",NA,414.258373205742
"08","15","2013",NA,317.799043062201
"08","16","2013",220.049282296651,439.062200956938
"08","17","2013",254.484688995215,415.205741626794
"08","18","2013",301.472727272727,204.200956937799
"08","19","2013",186.789473684211,373.866028708134
"08","20","2013",234.895693779904,371.368421052632
"08","21","2013",NA,448.019138755981
"08","22","2013",NA,354.057416267943
"08","23","2013",283.166985645933,222.287081339713
"08","24","2013",144.901435406699,379.377990430622
"08","25","2013",253.291866028708,220.133971291866
"08","26","2013",188.326794258373,274.995215311005
"08","27","2013",251.042583732057,362.411483253589
"08","28","2013",233.849282296651,381.272727272727
"08","29","2013",329.267942583732,292.392344497608
"08","30","2013",241.18995215311,340.966507177034
"08","31","2013",251.501913875598,246.22966507177
"09","01","2013",234.397607655502,256.478468899522
"09","02","2013",297.98038277512,290.583732057416
"09","03","2013",272.883732057416,237.014354066986
"09","04","2013",211.255980861244,279.645933014354
"09","05","2013",207.938755980861,272.325358851675
"09","06","2013",186.984688995215,269.741626794258
"09","07","2013",268.385167464115,308.66985645933
"09","08","2013",312.361722488038,261.645933014354
"09","09","2013",NA,212.727272727273
"09","10","2013",NA,273.617224880383
"09","11","2013",NA,296.956937799043
"09","12","2013",NA,310.909090909091
"09","13","2013",NA,190.162679425837
"09","14","2013",NA,264.488038277512
"09","15","2013",NA,205.234449760766
"09","16","2013",NA,262.765550239234
"09","17","2013",NA,199.205741626794
"09","18","2013",NA,120.66028708134
"09","19","2013",NA,232.794258373206
"09","20","2013",256.435406698565,273.961722488038
"09","21","2013",258.064593301435,211.435406698565
"09","22","2013",211.237320574163,210.574162679426
"09","23","2013",NA,165.961722488038
"09","24","2013",219.043062200957,210.66028708134
"09","25","2013",252.149282296651,24.0287081339713
"09","26","2013",NA,245.023923444976
"09","27","2013",245.186124401914,156.918660287081
"09","28","2013",255.374641148325,30.0574162679426
"09","29","2013",213.780861244019,22.9952153110048
"09","30","2013",234.022966507177,34.9665071770335
"10","01","2013",325.233014354067,27.6459330143541
"10","02","2013",255.888516746412,16.0191387559809
"10","03","2013",282.561244019139,14.4688995215311
"10","04","2013",120.245454545455,96.9760765550239
"10","05","2013",NA,32.0382775119617
"10","06","2013",366.500956937799,38.8421052631579
"10","07","2013",150.254066985646,50.1244019138756
"10","08","2013",NA,47.7129186602871
"10","09","2013",290.600956937799,NA
"10","10","2013",177.084688995215,62.9569377990431
"10","11","2013",178.748325358852,49.866028708134
"10","12","2013",300.882775119617,25.0622009569378
"10","13","2013",142.672248803828,62.5263157894737
"10","14","2013",173.151674641148,33.5023923444976
"10","15","2013",NA,42.4593301435407
"10","16","2013",233.397129186603,48.3157894736842
"10","17","2013",NA,33.0717703349282
"10","18","2013",349.934928229665,147.1004784689
"10","19","2013",260.961244019139,296.784688995215
"10","20","2013",295.599043062201,256.736842105263
"10","21","2013",265.798564593301,372.143540669856
"10","22","2013",186.420574162679,262.076555023923
"10","23","2013",234.674641148325,277.062200956938
"10","24","2013",204.987559808612,309.358851674641
"10","25","2013",280.818660287081,326.755980861244
"10","26","2013",331.807177033493,344.153110047847
"10","27","2013",348.749282296651,349.406698564593
"10","28","2013",232.106698564593,451.55023923445
"10","29","2013",273.384688995215,382.564593301435
"10","30","2013",382.844497607656,422.00956937799
"10","31","2013",289.247368421053,432
"11","01","2013",328.51004784689,459.99043062201
"11","02","2013",309.85980861244,434.239234449761
"11","03","2013",350.138755980861,278.354066985646
"11","04","2013",349.046411483254,257.684210526316
"11","05","2013",232.0995215311,240.200956937799
"11","06","2013",204.803827751196,285.760765550239
"11","07","2013",NA,477.473684210526
"11","08","2013",307.212918660287,354.401913875598
"11","09","2013",332.008133971292,304.535885167464
"11","10","2013",341.520574162679,351.645933014354
"11","11","2013",193.491387559809,222.114832535885
"11","12","2013",257.183253588517,336.143540669856
"11","13","2013",274.745454545455,NA
"11","14","2013",249.61004784689,332.095693779904
"11","15","2013",NA,398.411483253589
"11","16","2013",261.012918660287,338.210526315789
"11","17","2013",253.488516746412,369.387559808612
"11","18","2013",313.640669856459,410.468899521531
"11","19","2013",339.157894736842,402.88995215311
"11","20","2013",306.374641148325,379.808612440191
"11","21","2013",351.763636363636,241.320574162679
"11","22","2013",277.83014354067,332.267942583732
"11","23","2013",209.743062200957,247.952153110048
"11","24","2013",254.250717703349,307.636363636364
"11","25","2013",157.83014354067,380.66985645933
"11","26","2013",289.178468899522,326.066985645933
"11","27","2013",341.529186602871,341.569377990431
"11","28","2013",222.460765550239,391.607655502392
"11","29","2013",273.129186602871,350.095693779904
"11","30","2013",311.266507177034,414.775119617225
"12","01","2013",287.777511961722,201.875598086124
"12","02","2013",330.50956937799,280.334928229665
"12","03","2013",215.675598086124,395.655502392344
"12","04","2013",230.816267942584,285.674641148325
"12","05","2013",309.278468899522,284.727272727273
"12","06","2013",247.703827751196,357.157894736842
"12","07","2013",281.111483253589,383.684210526316
"12","08","2013",244.28038277512,269.224880382775
"12","09","2013",307.777033492823,307.55023923445
"12","10","2013",NA,324.172248803828
"12","11","2013",NA,326.153110047847
"12","12","2013",224.817703349282,309.272727272727
"12","13","2013",198.645933014354,299.971291866029
"12","14","2013",285.044497607656,276.459330143541
"12","15","2013",244.379425837321,278.956937799043
"12","16","2013",211.258851674641,340.277511961722
"12","17","2013",221.579425837321,377.569377990431
"12","18","2013",244.154066985646,425.712918660287
"12","19","2013",244.838755980861,417.961722488038
"12","20","2013",315.01004784689,432.258373205742
"12","21","2013",296.267942583732,405.387559808612
"12","22","2013",347.985645933014,421.578947368421
"12","23","2013",326.685645933014,340.019138755981
"12","24","2013",342.515311004785,410.555023923445
"12","25","2013",218.951196172249,358.363636363636
"12","26","2013",316.712440191388,347.253588516746
"12","27","2013",296.811961722488,365.253588516746
"12","28","2013",247.477033492823,347.77033492823
"12","29","2013",334.291866028708,339.071770334928
"12","30","2013",266.033971291866,354.143540669857
"12","31","2013",286.495693779904,355.607655502392
"01","01","2014",296.499043062201,355.693779904306
"01","02","2014",238.039234449761,333.473684210526
"01","03","2014",NA,294.287081339713
"01","04","2014",244.649282296651,238.133971291866
"01","05","2014",272.510526315789,183.703349282297
"01","06","2014",237.08038277512,337.177033492823
"01","07","2014",161.585167464115,313.148325358852
"01","08","2014",355.263157894737,397.808612440191
"01","09","2014",343.399521531101,400.133971291866
"01","10","2014",319.614832535885,398.755980861244
"01","11","2014",367.512918660287,329.33971291866
"01","12","2014",410.038277511962,338.382775119617
"01","13","2014",294.895693779904,325.55023923445
"01","14","2014",317.081339712919,331.665071770335
"01","15","2014",333.076076555024,360.688995215311
"01","16","2014",359.655502392344,309.789473684211
"01","17","2014",296.174641148325,262.334928229665
"01","18","2014",308.345454545455,346.564593301435
"01","19","2014",257.559330143541,336.22966507177
"01","20","2014",344.590909090909,167.684210526316
"01","21","2014",315.394736842105,299.11004784689
"01","22","2014",184.27033492823,379.291866028708
"01","23","2014",319.985167464115,334.937799043062
"01","24","2014",366.733492822967,351.301435406699
"01","25","2014",300.452153110048,371.368421052632
"01","26","2014",333.25980861244,333.473684210526
"01","27","2014",383.612440191388,350.698564593301
"01","28","2014",351.533971291866,314.870813397129
"01","29","2014",347.504784688995,349.320574162679
"01","30","2014",NA,343.980861244019
"01","31","2014",NA,348.717703349282
"02","01","2014",NA,320.124401913876
"02","02","2014",NA,376.966507177034
"02","03","2014",NA,377.483253588517
"02","04","2014",NA,356.985645933014
"02","05","2014",NA,344.411483253589
"02","06","2014",NA,353.971291866029
"02","07","2014",NA,339.760765550239
"02","08","2014",NA,294.545454545455
"02","09","2014",NA,308.66985645933
"02","10","2014",341.427272727273,NA
"02","11","2014",311.803349282297,NA
"02","12","2014",284.784688995215,NA
"02","13","2014",337.070813397129,NA
"02","14","2014",265.703827751196,NA
"02","15","2014",360.688995215311,NA
"02","16","2014",371.196172248804,NA
"02","17","2014",379.464114832536,NA
"02","18","2014",NA,NA
"02","19","2014",362.583732057416,NA
"02","20","2014",329.856459330144,NA
"02","21","2014",342.775119617225,NA
"02","22","2014",343.894736842105,NA
"02","23","2014",347.167464114833,NA
"02","24","2014",NA,NA
"02","25","2014",323.913875598086,NA
"02","26","2014",307.808612440191,NA
"02","27","2014",NA,NA
"02","28","2014",302.468899521531,NA
"03","01","2014",189.55980861244,NA
"03","02","2014",382.995215311005,NA
"03","03","2014",365.598086124402,NA
"03","04","2014",NA,NA
"03","05","2014",NA,NA
"03","06","2014",354.746411483254,NA
"03","07","2014",261.301435406699,NA
"03","08","2014",208.507177033493,NA
"03","09","2014",306.516746411483,NA
"03","10","2014",222.200956937799,NA
"03","11","2014",274.306220095694,NA
"03","12","2014",260.00956937799,NA
"03","13","2014",331.923444976077,NA
"03","14","2014",NA,NA
"03","15","2014",333.904306220096,NA
"03","16","2014",364.822966507177,NA
"03","17","2014",323.311004784689,NA
"03","18","2014",332.870813397129,NA
"03","19","2014",290.66985645933,NA
"03","20","2014",NA,NA
"03","21","2014",NA,NA
"03","22","2014",NA,NA
"03","23","2014",NA,NA
"03","24","2014",NA,NA
"03","25","2014",NA,NA
"03","26","2014",NA,NA
"03","27","2014",NA,NA
"03","28","2014",NA,NA
"03","29","2014",NA,NA
"03","30","2014",NA,NA
"03","31","2014",NA,NA
"04","01","2014",NA,NA
"04","02","2014",NA,NA
"04","03","2014",NA,NA
"04","04","2014",NA,NA
"04","05","2014",NA,NA
"04","06","2014",NA,NA
"04","07","2014",NA,NA
"04","08","2014",NA,NA
"04","09","2014",NA,NA
"04","10","2014",NA,NA
"04","11","2014",NA,NA
"04","12","2014",NA,NA
"04","13","2014",NA,NA
"04","14","2014",NA,NA
"04","15","2014",NA,NA
"04","16","2014",NA,NA
"04","17","2014",NA,NA
"04","18","2014",NA,NA
"04","19","2014",NA,NA
"04","20","2014",NA,NA
"04","21","2014",NA,NA
"04","22","2014",NA,NA
"04","23","2014",NA,NA
"04","24","2014",NA,NA
"04","25","2014",NA,NA
"04","26","2014",NA,NA
"04","27","2014",NA,NA
"04","28","2014",NA,NA
"04","29","2014",NA,NA
"04","30","2014",NA,NA
"05","01","2014",NA,NA
"05","02","2014",NA,NA
"05","03","2014",NA,NA
"05","04","2014",NA,NA
"05","05","2014",NA,NA
"05","06","2014",NA,NA
"05","07","2014",NA,NA
"05","08","2014",NA,NA
"05","09","2014",NA,NA
"05","10","2014",NA,NA
"05","11","2014",NA,NA
"05","12","2014",NA,NA
"05","13","2014",NA,NA
"05","14","2014",NA,NA
"05","15","2014",NA,NA
"05","16","2014",NA,NA
"05","17","2014",NA,NA
"05","18","2014",NA,NA
"05","19","2014",NA,NA
"05","20","2014",NA,NA
"05","21","2014",NA,NA
"05","22","2014",523.464114832536,NA
"05","23","2014",NA,NA
"05","24","2014",NA,NA
"05","25","2014",NA,NA
"05","26","2014",NA,NA
"05","27","2014",NA,NA
"05","28","2014",NA,NA
"05","29","2014",NA,NA
"05","30","2014",NA,NA
"05","31","2014",NA,NA
"06","01","2014",NA,NA
"06","02","2014",NA,NA
"06","03","2014",253.980861244019,NA
"06","04","2014",NA,NA
"06","05","2014",NA,NA
"06","06","2014",NA,NA
"06","07","2014",NA,NA
"06","08","2014",NA,NA
"06","09","2014",NA,NA
"06","10","2014",NA,NA
"06","11","2014",NA,NA
"06","12","2014",NA,NA
"06","13","2014",NA,NA
"06","14","2014",NA,NA
"06","15","2014",NA,NA
"06","16","2014",NA,NA
"06","17","2014",NA,NA
"06","18","2014",NA,NA
"06","19","2014",NA,NA
"06","20","2014",NA,NA
"06","21","2014",NA,NA
"06","22","2014",NA,NA
"06","23","2014",NA,NA
"06","24","2014",NA,NA
"06","25","2014",251.569377990431,NA
"06","26","2014",NA,NA
"06","27","2014",NA,NA
"06","28","2014",NA,NA
"06","29","2014",NA,NA
"06","30","2014",NA,NA
"07","01","2014",NA,NA
"07","02","2014",NA,NA
"07","03","2014",NA,NA
"07","04","2014",NA,NA
"07","05","2014",NA,NA
"07","06","2014",NA,NA
"07","07","2014",493.062200956938,NA
"07","08","2014",NA,NA
"07","09","2014",NA,NA
"07","10","2014",NA,NA
"07","11","2014",NA,NA
"07","12","2014",NA,NA
"07","13","2014",NA,NA
"07","14","2014",NA,NA
"07","15","2014",NA,NA
"07","16","2014",NA,NA
"07","17","2014",NA,NA
"07","18","2014",NA,NA
"07","19","2014",NA,NA
"07","20","2014",NA,NA
"07","21","2014",NA,NA
"07","22","2014",NA,NA
"07","23","2014",NA,NA
"07","24","2014",NA,NA
"07","25","2014",NA,NA
"07","26","2014",NA,NA
"07","27","2014",NA,NA
"07","28","2014",NA,NA
"07","29","2014",NA,NA
"07","30","2014",NA,NA
"07","31","2014",NA,NA
"08","01","2014",NA,NA
"08","02","2014",NA,NA
"08","03","2014",NA,NA
"08","04","2014",NA,NA
"08","05","2014",NA,NA
"08","06","2014",NA,NA
"08","07","2014",NA,NA
"08","08","2014",NA,NA
"08","09","2014",NA,NA
"08","10","2014",NA,NA
"08","11","2014",NA,NA
"08","12","2014",NA,NA
"08","13","2014",NA,NA
"08","14","2014",NA,NA
"08","15","2014",NA,NA
"08","16","2014",NA,NA
"08","17","2014",NA,NA
"08","18","2014",NA,NA
"08","19","2014",NA,NA
"08","20","2014",NA,NA
"08","21","2014",NA,NA
"08","22","2014",NA,NA
"08","23","2014",NA,NA
"08","24","2014",335.196172248804,NA
"08","25","2014",NA,NA
"08","26","2014",NA,NA
"08","27","2014",NA,NA
"08","28","2014",NA,NA
"08","29","2014",NA,NA
"08","30","2014",NA,NA
"08","31","2014",NA,NA
"09","01","2014",NA,NA
"09","02","2014",NA,NA
"09","03","2014",NA,NA
"09","04","2014",NA,NA
"09","05","2014",NA,NA
"09","06","2014",NA,NA
"09","07","2014",NA,NA
"09","08","2014",NA,NA
"09","09","2014",NA,NA
"09","10","2014",NA,NA
"09","11","2014",NA,NA
"09","12","2014",NA,NA
"09","13","2014",NA,NA
"09","14","2014",NA,NA
"09","15","2014",NA,NA
"09","16","2014",NA,NA
"09","17","2014",NA,NA
"09","18","2014",NA,NA
"09","19","2014",NA,NA
"09","20","2014",NA,NA
"09","21","2014",NA,NA
"09","22","2014",NA,NA
"09","23","2014",NA,NA
"09","24","2014",367.234449760766,NA
"09","25","2014",115.665071770335,NA
"09","26","2014",339.071770334928,NA
"09","27","2014",366.717703349282,NA
"09","28","2014",218.153110047847,NA
"09","29","2014",NA,NA
"09","30","2014",297.043062200957,NA
"10","01","2014",308.842105263158,NA
"10","02","2014",415.894736842105,NA
"10","03","2014",383.167464114833,NA
"10","04","2014",312.459330143541,NA
"10","05","2014",230.727272727273,NA
"10","06","2014",374.468899521531,NA
"10","07","2014",336.832535885167,NA
"10","08","2014",NA,NA
"10","09","2014",154.334928229665,NA
"10","10","2014",384.88995215311,NA
"10","11","2014",234.688995215311,NA
"10","12","2014",257.511961722488,NA
"10","13","2014",330.976076555024,NA
"10","14","2014",226.421052631579,NA
"10","15","2014",323.913875598086,NA
"10","16","2014",302.813397129187,NA
"10","17","2014",NA,NA
"10","18","2014",328.047846889952,NA
"10","19","2014",297.473684210526,NA
"10","20","2014",236.583732057416,NA
"10","21","2014",NA,NA
"10","22","2014",NA,NA
"10","23","2014",270.172248803828,NA
"10","24","2014",221.081339712919,NA
"10","25","2014",NA,NA
"10","26","2014",282.315789473684,NA
"10","27","2014",NA,NA
"10","28","2014",254.411483253589,NA
"10","29","2014",NA,NA
"10","30","2014",NA,NA
"10","31","2014",NA,NA
"11","01","2014",NA,NA
"11","02","2014",NA,NA
"11","03","2014",372.746411483254,NA
"11","04","2014",285.244019138756,NA
"11","05","2014",411.416267942584,NA
"11","06","2014",NA,NA
"11","07","2014",NA,NA
"11","08","2014",258.114832535885,NA
"11","09","2014",220.995215311005,NA
"11","10","2014",118.421052631579,NA
"11","11","2014",259.492822966507,NA
"11","12","2014",337.607655502392,NA
"11","13","2014",NA,NA
"11","14","2014",NA,NA
"11","15","2014",NA,NA
"11","16","2014",NA,NA
"11","17","2014",NA,NA
"11","18","2014",349.837320574163,NA
"11","19","2014",NA,NA
"11","20","2014",NA,NA
"11","21","2014",NA,NA
"11","22","2014",NA,NA
"11","23","2014",NA,NA
"11","24","2014",NA,NA
"11","25","2014",NA,NA
"11","26","2014",213.157894736842,NA
"11","27","2014",NA,NA
"11","28","2014",283.952153110048,NA
"11","29","2014",324.602870813397,NA
"11","30","2014",NA,NA
"12","01","2014",260.267942583732,NA
"12","02","2014",197.397129186603,NA
"12","03","2014",NA,NA
"12","04","2014",NA,NA
"12","05","2014",NA,NA
"12","06","2014",253.377990430622,NA
"12","07","2014",349.320574162679,NA
"12","08","2014",178.277511961722,NA
"12","09","2014",250.277511961722,NA
"12","10","2014",335.368421052632,NA
"12","11","2014",363.617224880383,NA
"12","12","2014",344.497607655502,399.703349282297
"12","13","2014",NA,271.980861244019
"12","14","2014",376.277511961722,347.511961722488
"12","15","2014",172.937799043062,245.023923444976
"12","16","2014",263.023923444976,335.885167464115
"12","17","2014",318.574162679426,347.167464114833
"12","18","2014",NA,320.296650717703
"12","19","2014",323.397129186603,391.77990430622
"12","20","2014",281.712918660287,375.244019138756
"12","21","2014",249.416267942584,302.641148325359
"12","22","2014",318.746411483254,372.057416267943
"12","23","2014",NA,342.947368421053
"12","24","2014",NA,404.612440191388
"12","25","2014",NA,409.090909090909
"12","26","2014",NA,454.478468899522
"12","27","2014",NA,408.746411483254
"12","28","2014",303.846889952153,386.612440191388
"12","29","2014",NA,411.33014354067
"12","30","2014",NA,366.88995215311
"12","31","2014",355.77990430622,396.344497607656
"01","01","2015",390.746411483254,462.918660287081
"01","02","2015",387.043062200957,456.803827751196
"01","03","2015",387.387559808612,461.368421052632
"01","04","2015",378.258373205742,451.894736842105
"01","05","2015",394.535885167464,459.732057416268
"01","06","2015",393.502392344498,456.114832535885
"01","07","2015",383.511961722488,449.311004784689
"01","08","2015",337.521531100479,374.727272727273
"01","09","2015",381.617224880383,400.995215311005
"01","10","2015",370.076555023923,416.239234449761
"01","11","2015",322.105263157895,398.239234449761
"01","12","2015",304.708133971292,378.430622009569
"01","13","2015",331.062200956938,372.66028708134
"01","14","2015",297.473684210526,356.641148325359
"01","15","2015",244.765550239234,304.708133971292
"01","16","2015",257.598086124402,290.755980861244
"01","17","2015",150.114832535885,200.066985645933
"01","18","2015",253.808612440191,319.090909090909
"01","19","2015",171.818181818182,202.564593301435
"01","20","2015",146.325358851675,192.401913875598
"01","21","2015",229.004784688995,247.77990430622
"01","22","2015",216.861244019139,282.143540669856
"01","23","2015",265.866028708134,280.851674641148
"01","24","2015",265.177033492823,310.047846889952
"01","25","2015",341.483253588517,397.980861244019
"01","26","2015",278.181818181818,301.607655502392
"01","27","2015",268.191387559809,276.287081339713
"01","28","2015",265.952153110048,351.55980861244
"01","29","2015",312.028708133971,373.521531100479
"01","30","2015",323.913875598086,390.057416267943
"01","31","2015",221.33971291866,283.090909090909
"02","01","2015",295.492822966507,345.186602870813
"02","02","2015",331.062200956938,400.564593301435
"02","03","2015",350.612440191388,380.583732057416
"02","04","2015",343.980861244019,429.674641148325
"02","05","2015",331.665071770335,406.507177033493
"02","06","2015",313.148325358852,325.808612440191
"02","07","2015",274.392344497608,305.224880382775
"02","08","2015",219.1004784689,239.598086124402
"02","09","2015",282.057416267943,394.794258373206
"02","10","2015",292.392344497608,379.980861244019
"02","11","2015",277.234449760766,249.416267942584
"02","12","2015",336.746411483254,361.291866028708
"02","13","2015",331.234449760766,372.832535885167
"02","14","2015",258.459330143541,323.741626794258
"02","15","2015",297.818181818182,372.66028708134
"02","16","2015",390.574162679426,483.157894736842
"02","17","2015",338.985645933014,426.22966507177
"02","18","2015",300.746411483254,370.076555023923
"02","19","2015",217.291866028708,279.99043062201
"02","20","2015",412.622009569378,458.00956937799
"02","21","2015",418.478468899522,461.11004784689
"02","22","2015",430.622009569378,483.33014354067
"02","23","2015",437.33971291866,482.382775119617
"02","24","2015",427.607655502392,455.856459330144
"02","25","2015",387.645933014354,450.861244019139
"02","26","2015",401.598086124402,436.133971291866
"02","27","2015",394.44976076555,425.368421052632
"02","28","2015",344.325358851675,398.066985645933
"03","01","2015",407.540669856459,482.641148325359
"03","02","2015",420.803827751196,475.062200956938
"03","03","2015",421.665071770335,517.866028708134
"03","04","2015",441.215311004785,514.507177033493
"03","05","2015",423.387559808612,491.684210526316
"03","06","2015",405.645933014354,474.200956937799
"03","07","2015",382.22009569378,438.717703349282
"03","08","2015",408.143540669856,481.435406698565
"03","09","2015",369.904306220096,445.263157894737
"03","10","2015",371.196172248804,471.961722488038
"03","11","2015",349.492822966507,455.684210526316
"03","12","2015",406.765550239234,478.765550239235
"03","13","2015",359.397129186603,454.650717703349
"03","14","2015",341.483253588517,456.459330143541
"03","15","2015",327.186602870813,431.827751196172
"03","16","2015",348.717703349282,411.157894736842
"03","17","2015",321.674641148325,322.019138755981
"03","18","2015",248.8995215311,305.741626794258
"03","19","2015",NA,385.320574162679
"03","20","2015",321.933014354067,456.028708133971
"03","21","2015",340.708133971292,407.368421052632
"03","22","2015",311.684210526316,420.631578947368
"03","23","2015",282.918660287081,384.631578947368
"03","24","2015",328.306220095694,426.315789473684
"03","25","2015",301.866028708134,407.626794258373
"03","26","2015",290.928229665072,422.698564593301
"03","27","2015",319.349282296651,452.325358851675
"03","28","2015",247.693779904306,349.320574162679
"03","29","2015",125.483253588517,172.851674641148
"03","30","2015",275.77033492823,332.44019138756
"03","31","2015",256.909090909091,433.980861244019
"04","01","2015",309.272727272727,439.665071770335
"04","02","2015",304.966507177034,415.205741626794
"04","03","2015",290.153110047847,357.674641148325
"04","04","2015",329.942583732057,449.913875598086
"04","05","2015",310.736842105263,412.191387559809
"04","06","2015",227.540669856459,440.095693779904
"04","07","2015",263.368421052632,421.320574162679
"04","08","2015",162.430622009569,310.306220095694
"04","09","2015",282.574162679426,422.784688995215
"04","10","2015",267.588516746411,438.459330143541
"04","11","2015",NA,329.942583732057
"04","12","2015",249.502392344498,377.483253588517
"04","13","2015",211.607655502392,339.502392344498
"04","14","2015",284.985645933014,312.631578947368
"04","15","2015",220.047846889952,286.105263157895
"04","16","2015",133.578947368421,210.488038277512
"04","17","2015",198.344497607656,281.023923444976
"04","18","2015",365.942583732057,524.239234449761
"04","19","2015",NA,280.679425837321
"04","20","2015",253.033492822967,330.88995215311
"04","21","2015",357.071770334928,422.00956937799
"04","22","2015",356.985645933014,475.234449760766
"04","23","2015",350.870813397129,503.827751196172
"04","24","2015",309.358851674641,457.665071770335
"04","25","2015",185.856459330144,244.765550239234
"04","26","2015",321.846889952153,456.200956937799
"04","27","2015",299.196172248804,510.631578947368
"04","28","2015",340.363636363636,447.416267942584
"04","29","2015",268.966507177034,353.023923444976
"04","30","2015",120.315789473684,189.129186602871
"05","01","2015",288.861244019139,358.966507177034
"05","02","2015",266.468899521531,374.468899521531
"05","03","2015",297.301435406699,472.478468899522
"05","04","2015",330.459330143541,464.124401913876
"05","05","2015",211.177033492823,347.942583732057
"05","06","2015",319.177033492823,414.516746411483
"05","07","2015",335.712918660287,484.708133971292
"05","08","2015",321.846889952153,426.488038277512
"05","09","2015",255.358851674641,345.358851674641
"05","10","2015",272.755980861244,350.00956937799
"05","11","2015",262.593301435407,378.947368421053
"05","12","2015",343.55023923445,425.712918660287
"05","13","2015",245.799043062201,373.952153110048
"05","14","2015",219.1004784689,320.727272727273
"05","15","2015",284.727272727273,345.444976076555
"05","16","2015",247.435406698565,326.842105263158
"05","17","2015",232.019138755981,249.157894736842
"05","18","2015",188.181818181818,258.028708133971
"05","19","2015",263.282296650718,304.277511961722
"05","20","2015",232.44976076555,362.928229665072
"05","21","2015",186.545454545455,238.736842105263
"05","22","2015",115.923444976077,151.578947368421
"05","23","2015",NA,401.684210526316
"05","24","2015",263.454545454545,340.622009569378
"05","25","2015",295.751196172249,328.306220095694
"05","26","2015",NA,320.985645933014
"05","27","2015",NA,421.234449760766
"05","28","2015",NA,133.148325358852
"05","29","2015",NA,376.44976076555
"05","30","2015",NA,347.942583732057
"05","31","2015",284.727272727273,456.545454545455
"06","01","2015",259.406698564593,372.574162679426
"06","02","2015",338.382775119617,479.971291866029
"06","03","2015",294.631578947368,416.325358851675
"06","04","2015",254.842105263158,301.090909090909
"06","05","2015",187.234449760766,231.33014354067
"06","06","2015",254.755980861244,317.799043062201
"06","07","2015",195.588516746411,223.234449760766
"06","08","2015",254.411483253589,333.387559808612
"06","09","2015",271.464114832536,346.564593301435
"06","10","2015",253.894736842105,329.253588516746
"06","11","2015",239.942583732057,335.712918660287
"06","12","2015",307.808612440191,467.052631578947
"06","13","2015",340.966507177034,509.081339712919
"06","14","2015",242.181818181818,437.942583732057
"06","15","2015",336.143540669856,458.612440191388
"06","16","2015",320.899521531101,484.363636363636
"06","17","2015",273.789473684211,374.468899521531
"06","18","2015",299.540669856459,420.028708133971
"06","19","2015",363.875598086124,503.483253588517
"06","20","2015",306.172248803828,417.703349282297
"06","21","2015",251.655502392345,320.555023923445
"06","22","2015",179.311004784689,235.808612440191
"06","23","2015",333.387559808612,455.942583732057
"06","24","2015",368.784688995215,498.832535885167
"06","25","2015",348.803827751196,490.047846889952
"06","26","2015",364.564593301435,501.588516746412
"06","27","2015",350.870813397129,451.894736842105
"06","28","2015",337.521531100479,441.473684210526
"06","29","2015",281.11004784689,384.028708133971
"06","30","2015",340.019138755981,464.899521531101
"07","01","2015",344.153110047847,487.980861244019
"07","02","2015",333.129186602871,436.995215311005
"07","03","2015",330.631578947368,469.894736842105
"07","04","2015",261.99043062201,424.851674641148
"07","05","2015",273.789473684211,389.626794258373
"07","06","2015",237.961722488038,373.435406698565
"07","07","2015",214.535885167464,259.665071770335
"07","08","2015",270.775119617225,357.157894736842
"07","09","2015",168.976076555024,358.363636363636
"07","10","2015",283.349282296651,400.478468899522
"07","11","2015",180.602870813397,278.00956937799
"07","12","2015",155.023923444976,202.564593301435
"07","13","2015",NA,342.344497607656
"07","14","2015",169.923444976077,260.354066985646
"07","15","2015",118.593301435407,182.755980861244
"07","16","2015",202.22009569378,281.282296650718
"07","17","2015",326.66985645933,453.186602870813
"07","18","2015",98.7846889952153,182.239234449761
"07","19","2015",305.397129186603,352.421052631579
"07","20","2015",232.105263157895,355.004784688995
"07","21","2015",274.995215311005,345.272727272727
"07","22","2015",NA,295.492822966507
"07","23","2015",204.88995215311,323.052631578947
"07","24","2015",330.028708133971,517.521531100479
"07","25","2015",312.976076555024,511.492822966507
"07","26","2015",321.588516746412,486.258373205742
"07","27","2015",137.023923444976,189.732057416268
"07","28","2015",265.090909090909,419.081339712919
"07","29","2015",307.205741626794,401.684210526316
"07","30","2015",181.636363636364,296.870813397129
"07","31","2015",188.698564593301,322.363636363636
"08","01","2015",338.296650717703,474.545454545455
"08","02","2015",266.038277511962,462.746411483254
"08","03","2015",291.961722488038,496.421052631579
"08","04","2015",307.377990430622,441.732057416268
"08","05","2015",278.095693779904,522.861244019139
"08","06","2015",251.052631578947,438.803827751196
"08","07","2015",220.995215311005,412.535885167464
"08","08","2015",210.66028708134,305.138755980861
"08","09","2015",NA,210.918660287081
"08","10","2015",NA,459.473684210526
"08","11","2015",NA,468.344497607656
"08","12","2015",NA,497.023923444976
"08","13","2015",180.861244019139,246.746411483254
"08","14","2015",395.827751196172,418.133971291866
"08","15","2015",263.11004784689,414.344497607656
"08","16","2015",318.66028708134,369.645933014354
"08","17","2015",385.751196172249,394.191387559809
"08","18","2015",396.861244019139,405.99043062201
"08","19","2015",375.33014354067,469.464114832536
"08","20","2015",321.416267942584,455.253588516746
"08","21","2015",416.928229665072,493.837320574163
"08","22","2015",213.674641148325,323.827751196172
"08","23","2015",191.885167464115,270.688995215311
"08","24","2015",334.593301435407,345.703349282297
"08","25","2015",265.77990430622,280.162679425837
"08","26","2015",370.765550239234,386.784688995215
"08","27","2015",242.526315789474,340.191387559809
"08","28","2015",290.66985645933,318.574162679426
"08","29","2015",378.258373205742,448.105263157895
"08","30","2015",422.956937799043,481.349282296651
"08","31","2015",349.837320574163,400.736842105263
"09","01","2015",344.755980861244,441.387559808612
"09","02","2015",246.401913875598,231.244019138756
"09","03","2015",156.66028708134,173.971291866029
"09","04","2015",341.483253588517,446.985645933014
"09","05","2015",249.846889952153,265.349282296651
"09","06","2015",266.727272727273,352.334928229665
"09","07","2015",327.961722488038,348.373205741627
"09","08","2015",283.090909090909,402.200956937799
"09","09","2015",346.995215311005,409.349282296651
"09","10","2015",229.435406698565,221.253588516746
"09","11","2015",166.22009569378,183.789473684211
"09","12","2015",352.162679425837,442.937799043062
"09","13","2015",358.363636363636,471.014354066986
"09","14","2015",302.038277511962,428.468899521531
"09","15","2015",338.124401913876,471.531100478469
"09","16","2015",316.334928229665,430.363636363636
"09","17","2015",148.047846889952,183.272727272727
"09","18","2015",369.043062200957,441.387559808612
"09","19","2015",338.899521531101,424.162679425837
"09","20","2015",167.425837320574,243.215311004785
"09","21","2015",294.200956937799,495.818181818182
"09","22","2015",306.688995215311,421.320574162679
"09","23","2015",273.617224880383,388.421052631579
"09","24","2015",164.66985645933,176.813397129187
"09","25","2015",310.564593301435,385.578947368421
"09","26","2015",192.22966507177,205.751196172249
"09","27","2015",347.081339712919,385.492822966507
"09","28","2015",368.00956937799,478.593301435407
"09","29","2015",258.717703349282,332.095693779904
"09","30","2015",377.741626794258,399.703349282297
"10","01","2015",155.368421052632,260.181818181818
"10","02","2015",328.650717703349,421.751196172249
"10","03","2015",307.464114832536,414.516746411483
"10","04","2015",344.153110047847,438.717703349282
"10","05","2015",292.650717703349,447.502392344498
"10","06","2015",176.555023923445,342.947368421053
"10","07","2015",142.535885167464,168.88995215311
"10","08","2015",313.751196172249,205.320574162679
"10","09","2015",181.894736842105,197.483253588517
"10","10","2015",323.913875598086,NA
"10","11","2015",327.444976076555,NA
"10","12","2015",273.875598086124,NA
"10","13","2015",261.818181818182,NA
"10","14","2015",203.511961722488,NA
"10","15","2015",306.775119617225,482.468899521531
"10","16","2015",181.722488038278,NA
"10","17","2015",273.531100478469,440.526315789474
"10","18","2015",299.971291866029,NA
"10","19","2015",297.732057416268,484.363636363636
"10","20","2015",282.22966507177,460.248803827751
"10","21","2015",360.516746411483,NA
"10","22","2015",296.181818181818,NA
"10","23","2015",300.401913875598,NA
"10","24","2015",244.076555023923,20.5837320574163
"10","25","2015",265.521531100479,21.3588516746412
"10","26","2015",255.1004784689,147.703349282297
"10","27","2015",277.751196172249,NA
"10","28","2015",320.038277511962,21.3588516746412
"10","29","2015",293.425837320574,NA
"10","30","2015",268.622009569378,NA
"10","31","2015",306.602870813397,NA
"11","01","2015",243.818181818182,NA
"11","02","2015",238.047846889952,NA
"11","03","2015",373.004784688995,NA
"11","04","2015",347.511961722488,NA
"11","05","2015",212.468899521531,NA
"11","06","2015",199.033492822967,NA
"11","07","2015",288.688995215311,NA
"11","08","2015",153.387559808612,NA
"11","09","2015",111.875598086124,NA
"11","10","2015",279.387559808612,NA
"11","11","2015",214.363636363636,NA
"11","12","2015",NA,NA
"11","13","2015",NA,NA
"11","14","2015",NA,NA
"11","15","2015",NA,NA
"11","16","2015",NA,NA
"11","17","2015",NA,NA
"11","18","2015",NA,NA
"11","19","2015",NA,310.306220095694
"11","20","2015",NA,334.679425837321
"11","21","2015",NA,392.124401913876
"11","22","2015",NA,381.272727272727
"11","23","2015",NA,424.765550239234
"11","24","2015",NA,374.038277511962
"11","25","2015",NA,384.459330143541
"11","26","2015",NA,407.971291866029
"11","27","2015",NA,299.282296650718
"11","28","2015",NA,156.401913875598
"11","29","2015",NA,460.937799043062
"11","30","2015",NA,278.612440191388
"12","01","2015",NA,187.492822966507
"12","02","2015",NA,361.636363636364
"12","03","2015",NA,178.966507177033
"12","04","2015",NA,285.846889952153
"12","05","2015",NA,412.708133971292
"12","06","2015",NA,430.794258373206
"12","07","2015",NA,303.33014354067
"12","08","2015",NA,193.952153110048
"12","09","2015",NA,299.368421052632
"12","10","2015",NA,367.234449760766
"12","11","2015",NA,328.995215311005
"12","12","2015",NA,304.277511961722
"12","13","2015",NA,172.851674641148
"12","14","2015",NA,237.186602870813
"12","15","2015",NA,232.44976076555
"12","16","2015",NA,303.502392344498
"12","17","2015",NA,248.382775119617
"12","18","2015",NA,256.995215311005
"12","19","2015",NA,398.66985645933
"12","20","2015",NA,339.33014354067
"12","21","2015",NA,359.655502392344
"12","22","2015",NA,376.191387559809
"12","23","2015",NA,367.665071770335
"12","24","2015",NA,405.215311004785
"12","25","2015",NA,431.311004784689
"12","26","2015",NA,393.244019138756
"12","27","2015",NA,387.215311004785
"12","28","2015",NA,361.11961722488
"12","29","2015",NA,366.803827751196
"12","30","2015",NA,399.014354066986
"12","31","2015",NA,396.086124401914
